{
  "model_name": "Logistic Regression",
  "precision": 0.7142857142857143,
  "recall": 0.8333333333333334,
  "f1_score": 0.7692307692307693,
  "roc_auc": 0.7777777777777778,
  "confusion_matrix": [
    [
      1,
      2
    ],
    [
      1,
      5
    ]
  ],
  "y_true": [
    1,
    1,
    1,
    1,
    1,
    1,
    0,
    0,
    0
  ],
  "y_pred": [
    1,
    1,
    0,
    1,
    1,
    1,
    1,
    1,
    0
  ],
  "y_proba": [
    0.9025300888471627,
    0.7346049219995997,
    0.28654790556148413,
    0.9100496477439112,
    0.9245952962583428,
    0.9204112332783111,
    0.8319664404222973,
    0.8662671687039027,
    0.18836589749659313
  ]
}