{
  "model_name": "LightGBM",
  "precision": 0.75,
  "recall": 1.0,
  "f1_score": 0.8571428571428571,
  "roc_auc": 0.6111111111111112,
  "confusion_matrix": [
    [
      1,
      2
    ],
    [
      0,
      6
    ]
  ],
  "y_true": [
    1,
    1,
    1,
    1,
    1,
    1,
    0,
    0,
    0
  ],
  "y_pred": [
    1,
    1,
    1,
    1,
    1,
    1,
    1,
    1,
    0
  ],
  "y_proba": [
    0.99690560542477,
    0.9975331907129577,
    0.9708256995809859,
    0.9975331907129577,
    0.9975331907129577,
    0.9975331907129577,
    0.9911554544312243,
    0.9979547189079906,
    0.0058180812601828875
  ]
}