{
  "model_name": "XGBoost",
  "precision": 0.6666666666666666,
  "recall": 1.0,
  "f1_score": 0.8,
  "roc_auc": 0.0,
  "confusion_matrix": [
    [
      0,
      3
    ],
    [
      0,
      6
    ]
  ],
  "y_true": [
    1,
    1,
    1,
    1,
    1,
    1,
    0,
    0,
    0
  ],
  "y_pred": [
    1,
    1,
    1,
    1,
    1,
    1,
    1,
    1,
    1
  ],
  "y_proba": [
    0.6534909009933472,
    0.6534909009933472,
    0.6534909009933472,
    0.6534909009933472,
    0.6534909009933472,
    0.6534909009933472,
    0.7630074620246887,
    0.7630074620246887,
    0.7630074620246887
  ]
}